company,ticker,exchange,report_year,title,url
青岛啤酒,600600,上交所,2024,青岛啤酒股份有限公司2024年年度报告,https://static.cninfo.com.cn/finalpage/2025-03-31/1222962014.PDF
燕京啤酒,000729,深交所,2024,北京燕京啤酒股份有限公司2024年年度报告全文,https://static.cninfo.com.cn/finalpage/2025-04-22/1223221181.PDF
重庆啤酒,600132,上交所,2024,重庆啤酒股份有限公司2024年年度报告,https://stockn.xueqiu.com/SH600132/20250402033234.pdf
珠江啤酒,002461,深交所,2024,广州珠江啤酒股份有限公司2024年年度报告全文,https://disc.static.szse.cn/disc/disk03/finalpage/2025-03-27/4ed3d6ce-c9df-417f-8a02-84804726486a.PDF
惠泉啤酒,600573,上交所,2024,福建省燕京惠泉啤酒股份有限公司2024年年度报告,https://pdf.dfcfw.com/pdf/H2_AN202504151656938285_1.pdf
兰州黄河,000929,深交所,2024,兰州黄河企业股份有限公司2024年年度报告全文,https://notice.10jqka.com.cn/api/pdf/e6cfde9ac00c014f.pdf
西藏发展,000752,深交所,2024,西藏发展股份有限公司2024年年度报告全文,https://disc.static.szse.cn/disc/disk03/finalpage/2025-04-24/be24d441-d4aa-4212-b47c-f175b59e7fd0.PDF
莫高股份,600543,上交所,2024,甘肃莫高实业发展股份有限公司2024年年度报告,https://static.cninfo.com.cn/finalpage/2025-04-29/1223363975.PDF
迎驾贡酒,603198,上交所,2024,安徽迎驾贡酒股份有限公司2024年年度报告,https://static.cninfo.com.cn/finalpage/2025-04-29/1223377012.PDF
皇台酒业,000995,深交所,2024,甘肃皇台酒业股份有限公司2024年年度报告全文,https://static.cninfo.com.cn/finalpage/2025-04-29/1223374302.PDF
